tag,month,day,place,latitude,longitude,date
서울 확진자,8,2,코로나19 삼육서울병원 선별진료소,37.587990429594605,127.065329444279,8/2
경기 확진자,8,2,성남시의료원,37.445053152463494,127.138727193654,8/2
부산 확진자,8,1,오복식당,35.09692786780349,129.02693171960425,8/1
부산 확진자,8,3,남포물회,35.096794751806506,129.02820912489224,8/3
인천 확진자,8,4,인천광역시의료원,37.4788434212658,126.668610185659,8/4
충북 확진자,8,3,코로나19 서원보건소 선별진료소,36.63765791687024,127.47023708257993,8/3
충북 확진자,8,2,리카페,36.63895112528701,127.45725065541365,8/2
충북 확진자,8,3,청주시외버스터미널,36.6253384414641,127.43170271771201,8/3
충북 확진자,8,4,코로나19 흥덕보건소 선별진료소,36.63015833819997,127.42651949989235,8/4
충북 확진자,8,3,더행복한약국,36.634571377026504,127.45919264818302,8/3
충북 확진자,8,4,코로나19 흥덕보건소 선별진료소,36.63015833819997,127.42651949989235,8/4
충북 확진자,8,3,코아이비인후과의원,36.634571377026504,127.45919264818302,8/3
경남 확진자,8,3,거림민박식당,35.283231256388696,127.721838138882,8/3
경남 확진자,8,3,지수졸음쉼터 부산방향,35.20799616680131,128.25799261709105,8/3
경남 확진자,8,4,코로나19 김해시보건소 선별진료소,35.23222919863411,128.87070989801472,8/4
서울 확진자,8,2,코로나19 삼육서울병원 선별진료소,37.587990429594605,127.065329444279,8/2
서울 확진자,8,4,인천국제공항,37.44945028134419,126.45042670237001,8/4
서울 확진자,8,2,인천국제공항,37.44945028134419,126.45042670237001,8/2
서울 확진자,8,4,코로나19 동대문구보건소 선별진료소,37.5746993851423,127.040223107039,8/4
서울 확진자,8,5,코로나19 서초구보건소 선별진료소,37.48359580161091,127.03350791077199,8/5
서울 확진자,8,5,순천향대학교부속 서울병원,37.53378643738393,127.00442379819599,8/5
경기 확진자,8,4,고을멸치국수,37.537646041673014,127.20651025834,8/4
경기 확진자,8,6,코로나19 일산동구보건소 선별진료소,37.655694553150205,126.776159934729,8/6
경기 확진자,8,6,코로나19 덕양구보건소 선별진료소,37.65778628459281,126.831167768056,8/6
서울 확진자,8,2,노들나루공원,37.513721097317806,126.953615720558,8/2
서울 확진자,8,3,노들나루공원,37.513721097317806,126.953615720558,8/3
서울 확진자,8,6,노들나루공원,37.513721097317806,126.953615720558,8/6
서울 확진자,8,7,가톨릭대학교 여의도성모병원,37.51833004820399,126.936817216384,8/7
서울 확진자,8,5,상생상회,37.576042205536,126.983825338188,8/5
서울 확진자,8,6,남영약국,37.575741491046315,126.98550082337964,8/6
서울 확진자,8,6,운현궁설렁탕,37.575741491046315,126.98550082337964,8/6
서울 확진자,8,8,코로나19 동대문구보건소 선별진료소,37.5746993851423,127.040223107039,8/8
서울 확진자,8,2,테크노마트,37.5359820922893,127.09586458240598,8/2
서울 확진자,8,7,건대온누리약국,37.5406593830393,127.071411856445,8/7
서울 확진자,8,7,하이디라오코리아 건대점,37.5406593830393,127.071411856445,8/7
서울 확진자,8,7,류마내과의원,37.536789148484836,127.09615979283743,8/7
서울 확진자,8,4,엘골인바이오,37.502569672984,127.037936081934,8/4
서울 확진자,8,5,엘골인바이오,37.502569672984,127.037936081934,8/5
서울 확진자,8,6,엘골인바이오,37.502569672984,127.037936081934,8/6
서울 확진자,8,7,케네디상가,37.5586051088614,126.977554512459,8/7
서울 확진자,8,6,케네디상가,37.5586051088614,126.977554512459,8/6
서울 확진자,8,5,케네디상가,37.5586051088614,126.977554512459,8/5
서울 확진자,8,4,케네디상가,37.5586051088614,126.977554512459,8/4
서울 확진자,8,3,케네디상가,37.5586051088614,126.977554512459,8/3
서울 확진자,8,2,케네디상가,37.5586051088614,126.977554512459,8/2
서울 확진자,8,1,케네디상가,37.5586051088614,126.977554512459,8/1
서울 확진자,8,7,프라자커피숖,37.55870972318851,126.978079628347,8/7
서울 확진자,8,6,프라자커피숖,37.55870972318851,126.978079628347,8/6
서울 확진자,8,5,프라자커피숖,37.55870972318851,126.978079628347,8/5
서울 확진자,8,4,프라자커피숖,37.55870972318851,126.978079628347,8/4
서울 확진자,8,8,코로나19 중구보건소 선별진료소,37.56458889596121,127.01509124756998,8/8
경기 확진자,8,10,주님의샘교회,37.6538189810443,126.631905405719,8/10
경기 확진자,8,9,코로나19 의정부백병원 선별진료소,37.7453862317183,127.062144247003,8/9
경기 확진자,8,2,반석교회,37.6634512770882,126.804661284853,8/2
부산 확진자,8,1,북창동순두부,35.11510116768973,129.04141349917487,8/1
부산 확진자,8,4,송이네,35.09817222818889,128.9923214826871,8/4
경기 확진자,8,9,스타벅스 더양평DTR,37.497025597482455,127.4816959605717,8/9
서울 확진자,8,9,CGV 용산아이파크몰,37.52975174071409,126.963950815777,8/9
서울 확진자,8,11,신세계백화점 강남점,37.505305732081965,127.00432032924516,8/11
경북 확진자,8,12,포항농협하나로마트,36.07233708228443,129.38085561768753,8/12
경북 확진자,8,12,용강국밥,36.08595289625743,129.39710829863867,8/12
경북 확진자,8,12,키즈앤패밀리치과의원,36.08595289625743,129.39710829863867,8/12
경북 확진자,8,11,달달치킨 포항대이점,36.02833207712032,129.33843202749512,8/11
경북 확진자,8,11,청마루 이동본점,36.030773003451216,129.33727073645713,8/11
충남 확진자,8,13,단국대학교병원,36.84191990263897,127.17236829216293,8/13
울산 확진자,8,12,코로나19 북구보건소 선별진료소,35.58356602731991,129.3607339360444,8/12
울산 확진자,8,8,호계역,35.622312870597035,129.35437755300933,8/8
울산 확진자,8,8,부전역,35.1646514052361,129.06011980044036,8/8
광주 확진자,8,10,천지한식뷔페,35.1524023451804,126.896534850868,8/10
광주 확진자,8,11,천지한식뷔페,35.1524023451804,126.896534850868,8/11
광주 확진자,8,12,천지한식뷔페,35.1524023451804,126.896534850868,8/12
광주 확진자,8,9,광주송정역,35.13766750683345,126.79080503506053,8/9
광주 확진자,8,9,돌고개역 광주1호선,35.1516618479153,126.8949291062912,8/9
광주 확진자,8,9,용산역,37.5300763645794,126.964824061815,8/9
광주 확진자,8,12,광주 지방공무원교육원 생활관,35.1605692512041,126.79502916615901,8/12
광주 확진자,8,9,고려조삼계탕 상무점,35.1501629048302,126.853302941339,8/9
광주 확진자,8,10,고려조삼계탕 상무점,35.1501629048302,126.853302941339,8/10
인천 확진자,8,11,인천광역시서구청,37.54543354087711,126.676037520731,8/11
인천 확진자,8,13,코로나19 서구보건소 선별진료소,37.544472579085685,126.67389170959801,8/13
인천 확진자,8,14,인천광역시의료원,37.4788434212658,126.668610185659,8/14
부산 확진자,8,8,캠프PC카페,35.1030524397558,129.01936348887622,8/8
부산 확진자,8,9,캠프PC카페,35.1030524397558,129.01936348887622,8/9
부산 확진자,8,10,캠프PC카페,35.1030524397558,129.01936348887622,8/10
부산 확진자,8,9,텐텐동전노래연습장,35.048538461767414,128.96559473863002,8/9
부산 확진자,8,9,엔젤스 코인노래방,35.1031892893086,129.01937125157323,8/9
부산 확진자,8,10,엔젤스 코인노래방,35.1031892893086,129.01937125157323,8/10
부산 확진자,8,9,롯데리아 부산다대포점,35.048546627734325,128.96531329867435,8/9
서울 확진자,8,9,삼일교회 B관,37.546782507101,126.97067791428799,8/9
서울 확진자,8,10,산천순대국 강북2호점,37.637462587741,127.026615881994,8/10
서울 확진자,8,9,후원,37.509282611330406,127.007464839186,8/9
서울 확진자,8,9,롯데리아 건대역점,37.540367516728296,127.071316531629,8/9
서울 확진자,8,10,롯데리아 건대역점,37.540367516728296,127.071316531629,8/10
서울 확진자,8,10,명동할머니국수 건대스타시티점,37.540670192292595,127.071416392794,8/10
서울 확진자,8,9,153콩나물국밥,37.5385588404967,127.076234475574,8/9
서울 확진자,8,11,코로나19 건국대학교병원 선별진료소,37.5411995679504,127.07209467698199,8/11
서울 확진자,8,13,사랑제일교회,37.612834919411284,127.05344525397099,8/13
경기 확진자,8,14,우리제일교회,37.31035073159481,127.09848772732302,8/14
부산 확진자,8,4,다사랑약국,35.2628373433464,129.0182320281312,8/4
부산 확진자,8,7,다사랑약국,35.2628373433464,129.0182320281312,8/7
부산 확진자,8,10,다사랑약국,35.2628373433464,129.0182320281312,8/10
부산 확진자,8,11,다사랑약국,35.2628373433464,129.0182320281312,8/11
부산 확진자,8,7,부산기계공업고등학교,35.164230874215896,129.15409740967186,8/7
부산 확진자,8,10,마음대로,35.09009639562361,129.03792834245027,8/10
충남 확진자,8,14,순천향대학교부속 천안병원,36.8027211587879,127.135932840124,8/14
인천 확진자,8,14,동인천역 1호선,37.47540823022216,126.63261829085184,8/14
서울 확진자,8,10,리더스 해법에듀교실,37.563461510868095,127.087922472792,8/10
서울 확진자,8,11,리더스 해법에듀교실,37.563461510868095,127.087922472792,8/11
서울 확진자,8,11,김영관내과의원,37.54237533522282,127.10050187957495,8/11
경기 확진자,8,13,코로나19 동부보건센터 선별진료소,37.657848169579914,127.300710321551,8/13
경기 확진자,8,12,조안면사무소,37.5358691324637,127.30339690044802,8/12
경기 확진자,8,14,경기도의료원 안성병원,37.01735255326614,127.26036636531445,8/14
경기 확진자,8,6,잠실역 2호선,37.513312862699,127.10022875908201,8/6
경기 확진자,8,11,북한강쭈꾸미,37.154832932371384,127.1189608849717,8/11
경기 확진자,8,3,마실,37.386756176442496,127.15416191242998,8/3
경기 확진자,8,3,어드레스331,37.382870479768904,127.15175116072,8/3
경기 확진자,8,4,삼성메디슨 판교본사,37.39426677093002,127.10913157578673,8/4
경기 확진자,8,5,삼성메디슨 판교본사,37.39426677093002,127.10913157578673,8/5
경기 확진자,8,6,삼성메디슨 판교본사,37.39426677093002,127.10913157578673,8/6
경기 확진자,8,10,열린이비인후과,37.3386804474259,127.109371584405,8/10
경기 확진자,8,10,탭스푸드서비스,37.433474250128114,127.17349298060002,8/10
경기 확진자,8,7,차이나오라,37.40062199684361,127.10680519052242,8/7
경기 확진자,8,10,차이나오라,37.40062199684361,127.10680519052242,8/10
경기 확진자,8,11,차이나오라,37.40062199684361,127.10680519052242,8/11
경기 확진자,8,12,차이나오라,37.40062199684361,127.10680519052242,8/12
경기 확진자,8,11,YWCA은학의집,37.410157540768004,127.142634293957,8/11
경기 확진자,8,11,분당  서울의원,37.4111830570201,127.1379463103,8/11
경기 확진자,8,12,서울라임치과의원,37.400579636672795,127.106818683204,8/12
경기 확진자,8,4,키즈웨일즈,37.71786527584,127.18441285873199,8/4
부산 확진자,8,8,성가네칼국수,35.20597114665069,129.00344146166515,8/8
인천 확진자,8,15,코로나19 부평구보건소 선별진료소,37.49883370697678,126.724246834459,8/15
인천 확진자,8,15,코로나19 남동구보건소 선별진료소,37.447404675386814,126.730705510279,8/15
인천 확진자,8,15,인천광역시의료원,37.4788434212658,126.668610185659,8/15
인천 확진자,8,14,코로나19 현대유비스병원 선별진료소,37.4617331307801,126.64317791044002,8/14
광주 확진자,8,12,천지한식뷔페,35.1524023451804,126.896534850868,8/12
광주 확진자,8,12,반도유보라 현장사무소,35.1516862998316,126.89716460228101,8/12
광주 확진자,8,12,오라오라,35.15426444978327,126.84991529592061,8/12
광주 확진자,8,13,첫번째 가라오케,35.152722085424784,126.85053271366957,8/13
광주 확진자,8,13,하이,35.14891693633449,126.849393962334,8/13
광주 확진자,8,14,하이,35.14891693633449,126.849393962334,8/14
광주 확진자,8,14,술마시는설탕노래홀,35.15408849472189,126.85049070500702,8/14
광주 확진자,8,14,야구장노래홀,35.14893992255419,126.850486953439,8/14
광주 확진자,8,15,초콜렛노래홀,35.14893992255419,126.850486953439,8/15
광주 확진자,8,15,상무노래홀,35.153554196426605,126.849929770053,8/15
서울 확진자,8,15,롯데월드,37.5113216558007,127.09806802140699,8/15
서울 확진자,8,14,코로나19 인제대학교서울백병원 선별진료소,37.565050643045105,126.98883967451602,8/14
충북 확진자,8,13,나비i한의원 충주칠금점,36.98262520023301,127.916774878621,8/13
충북 확진자,8,13,다이소 충주법원사거리점,36.981887962951895,127.928621910958,8/13
충북 확진자,8,13,정만호아구찜,36.984446139459116,127.92595737685902,8/13
충북 확진자,8,14,메밀마당 충주중앙탑본점,37.01756164737261,127.864301108703,8/14
충북 확진자,8,15,예성세경아파트,36.95801513815356,127.93027211259401,8/15
서울 확진자,8,14,코로나19 도봉구보건소 선별진료소,37.65791512417859,127.038844549549,8/14
서울 확진자,8,11,연세봄이비인후과 서초점,37.4854554886722,127.01642647454207,8/11
서울 확진자,8,11,장수알파약국,37.4854338788893,127.016322447563,8/11
서울 확진자,8,11,이마트에브리데이 남부터미널점,37.48567104723039,127.02076833360601,8/11
서울 확진자,8,12,옛날통닭&닭강정 서초점,37.48428859777021,127.03047353058598,8/12
서울 확진자,8,13,진로분식,37.48381882613431,127.01927988252801,8/13
서울 확진자,8,13,코로나19 서초구보건소 선별진료소,37.48359580161091,127.03350791077199,8/13
서울 확진자,8,9,하나로마트 양재점,37.463597297517516,127.04358620638807,8/9
서울 확진자,8,10,우면힐가정의학과,37.46405680027559,127.025003444035,8/10
서울 확진자,8,10,우면메티칼약국,37.46405680027559,127.025003444035,8/10
서울 확진자,8,10,연두약국,37.46453961856624,127.02558235009212,8/10
서울 확진자,8,11,크린토피아 양재청림점,37.4793519858804,127.039543339155,8/11
서울 확진자,8,11,한강세탁,37.4773769266749,127.039682487291,8/11
서울 확진자,8,11,다이소 양재2호점,37.48443461380418,127.036633433773,8/11
서울 확진자,8,11,남서울농협하나로마트 양재점,37.47979489697746,127.04067868648761,8/11
서울 확진자,8,11,돈천지,37.48887643021921,127.010045391989,8/11
서울 확진자,8,10,돈천지,37.48887643021921,127.010045391989,8/10
서울 확진자,8,12,돈천지,37.48887643021921,127.010045391989,8/12
서울 확진자,8,3,대항병원,37.47558456209581,126.987966657679,8/3
서울 확진자,8,3,파리바게뜨 사당파스텔시티점,37.47769941035854,126.98223664017195,8/3
서울 확진자,8,5,기린약국,37.5070713714182,127.00983972503457,8/5
서울 확진자,8,5,홈플러스익스프레스 반포점,37.50661144630801,127.01393839393198,8/5
서울 확진자,8,6,서울자이 소아청소년과의원,37.50661144470581,127.013951965883,8/6
서울 확진자,8,14,CU 중곡빌리지점,37.5561971382576,127.08620726626502,8/14
서울 확진자,8,13,뺑비,37.5577387787938,127.08738608090901,8/13
인천 확진자,8,9,걸포북변역 김포골드라인,37.631637038605206,126.70580291803158,8/9
인천 확진자,8,9,김포공항역 9호선,37.5619657741382,126.80191588831,8/9
광주 확진자,8,14,금호꽃게장,35.098666576433295,126.774319690951,8/14
광주 확진자,8,15,페라리,35.1527328908857,126.850523914116,8/15
광주 확진자,8,13,DAUM 비지니스룸,35.1527256691929,126.85051514753198,8/13
강원 확진자,8,16,코로나19 횡성군보건소 선별진료소,37.4869952587436,127.984447227311,8/16
부산 확진자,8,12,써브웨이 부산양정점,35.1700018243348,129.06935498453342,8/12
부산 확진자,8,13,부산가야밀면,35.14321506193741,129.07445163698145,8/13
충남 확진자,8,16,충남대학교병원,36.31684710718836,127.41537216942362,8/16
전북 확진자,8,15,광화문집회,37.572602860810186,126.97691639601517,8/15
전북 확진자,8,15,전북대학교병원 응급실,35.847153751446406,127.14115972721,8/15
경북 확진자,8,16,안산버스터미널,37.31684778523861,126.846269779203,8/16
경북 확진자,8,16,상주종합버스터미널,36.4190739500646,128.15143897565002,8/16
남양주 확진,8,16,빛과소금교회,37.6510130499588,127.14558668324702,8/16
남양주 확진,8,16,빛과소금교회,37.6510130499588,127.14558668324702,8/16
경기 확진자,8,16,코로나19 남양주풍양보건소 선별진료소,37.71048368762529,127.18947867090398,8/16
경기 확진자,8,16,별내 창대교회,37.6610715555092,127.126910841321,8/16
경기 확진자,8,13,풍림둥지어린이집,37.63575318545231,127.30605939846498,8/13
경기 확진자,8,12,양평우체국,37.494570279653004,127.501424018547,8/12
서울 확진자,8,11,연세봄이비인후과 서초점,37.4854554886722,127.01642647454207,8/11
서울 확진자,8,11,장수알파약국,37.4854338788893,127.016322447563,8/11
서울 확진자,8,11,이마트에브리데이 남부터미널점,37.48567104723039,127.02076833360601,8/11
서울 확진자,8,13,서초구보건소,37.48359580161091,127.03350791077199,8/13
서울 확진자,8,13,진로분식,37.48381882613431,127.01927988252801,8/13
서울 확진자,8,10,연두약국,37.46453961856624,127.02558235009212,8/10
서울 확진자,8,10,우면힐가정의학과,37.46405680027559,127.025003444035,8/10
서울 확진자,8,9,하나로마트 양재점,37.463597297517516,127.04358620638807,8/9
서울 확진자,8,11,서초우면우체국,37.463761339747315,127.024664240601,8/11
서울 확진자,8,11,성모 소아청소년과의원,37.46452881425379,127.02554617483646,8/11
서울 확진자,8,12,돈천지,37.4889160780169,127.010004691051,8/12
서울 확진자,8,11,크린토피아 양재청림점,37.4793519858804,127.039543339155,8/11
서울 확진자,8,11,한강세탁,37.4773769266749,127.039682487291,8/11
서울 확진자,8,11,다이소 양재2호점,37.48443461380418,127.036633433773,8/11
서울 확진자,8,11,남서울농협하나로마트 양재점,37.47979489697746,127.04067868648761,8/11
서울 확진자,8,3,파리바게뜨 사당파스텔시티점,37.47769941035854,126.98223664017195,8/3
서울 확진자,8,5,기린약국,37.5070713714182,127.00983972503457,8/5
서울 확진자,8,5,홈플러스익스프레스 반포점,37.50661144630801,127.01393839393198,8/5
서울 확진자,8,11,리더스 해법에듀교실,37.563461510868095,127.087922472792,8/11
서울 확진자,8,11,신화아파트 101호 (과외교습소),37.515686422315476,127.0134242849822,8/11
서울 확진자,8,12,코로나19 동대문구보건소 선별진료소,37.5746993851423,127.040223107039,8/12
서울 확진자,8,11,광남태권도,37.54193995694093,127.0996696213885,8/11
서울 확진자,8,11,광장유치원,37.548552049815406,127.105250565347,8/11
서울 확진자,8,10,롯데리아 건대역점,37.540367516728296,127.071316531629,8/10
서울 확진자,8,11,건국대학교병원,37.54119956795036,127.07209467698176,8/11
서울 확진자,8,10,명동할머니국수 건대스타시티점,37.540670192292595,127.071416392794,8/10
서울 확진자,8,9,153콩나물국밥,37.5385588404967,127.076234475574,8/9
서울 확진자,8,11,"광남태권도 (8/3~8/7, 8/10~8.11)",37.54193995694093,127.0996696213885,8/11
서울 확진자,8,11,광장유치원,37.548552049815406,127.105250565347,8/11
서울 확진자,8,12,코로나19 강남세브란스병원 선별진료소,37.4927889503163,127.04634871592901,8/12
서울 확진자,8,12,코로나19 동대문구보건소 선별진료소,37.5746993851423,127.040223107039,8/12
서울 확진자,8,11,"과외교습소 신화아파트 (8/8, 8/9, 8/10, 8/11)",37.515686422315476,127.0134242849822,8/11
서울 확진자,8,11,리더스 해법에듀교실 (8/10 ~ 8/11),37.563461510868095,127.087922472792,8/11
서울 확진자,8,11,김영관내과의원 ,37.54237533522282,127.10050187957495,8/11
서울 확진자,8,3,"대항병원 (7/31, 8/3)",37.476276494032504,126.98754598636602,8/3
서울 확진자,8,3,"나은약국 (7/31, 8/3)",37.476276494032504,126.98754598636602,8/3
서울 확진자,8,10,우면메티칼약국,37.46403247989539,127.02497065566351,8/10
서울 확진자,8,10,우면힐가정의학과,37.46405680027559,127.025003444035,8/10
서울 확진자,8,11,서초우면우체국,37.463761339747315,127.024664240601,8/11
서울 확진자,8,11,성모 소아청소년과의원,37.46452881425379,127.02554617483646,8/11
서울 확진자,8,11,연두약국,37.46453961856624,127.02558235009212,8/11
서울 확진자,8,12,이마트에브리데이 우면점,37.463685568183,127.02507566275,8/12
서울 확진자,8,9,하나로마트 양재점,37.463597297517516,127.04358620638807,8/9
서울 확진자,8,8,영업장 1층,37.485367753572085,127.01869572127218,8/8
서울 확진자,8,11,연세봄이비인후과 서초점,37.4854554886722,127.01642647454207,8/11
서울 확진자,8,11,장수알파약국,37.4854338788893,127.016322447563,8/11
서울 확진자,8,11,이마트에브리데이 남부터미널점,37.48567104723039,127.02076833360601,8/11
서울 확진자,8,12,옛날통닭,37.4855744523718,127.01620488755898,8/12
서울 확진자,8,13,진로분식,37.48381882613431,127.01927988252801,8/13
경기 확진자,8,12,BB컵,37.75226218429711,126.777814258447,8/12
경기 확진자,8,12,코키아병원,37.7279426779576,126.73481563528499,8/12
경기 확진자,8,9,7당구클럽,37.72818144970571,126.735223151304,8/9
경기 확진자,8,9,CU 파주월드점,37.72815263931771,126.735232328707,8/9
경기 확진자,8,10,와플대학 파주교하캠퍼스,37.725887949139306,126.71790119384201,8/10
경기 확진자,8,10,홍성표내과의원,37.75225963190603,126.76624690720504,8/10
경기 확진자,8,11,대하할인마트 파주점,37.7544694826761,126.773988068713,8/11
경기 확진자,8,13,조&킴피부과,37.75241871939021,126.76833430001,8/13
경기 확진자,8,12,투씨엠 플러스,37.81171122117879,126.776866271313,8/12
경기 확진자,8,12,CU 파주LCD5호점,37.811743259451,126.776657218585,8/12
경기 확진자,8,11,파주시청 민원실,37.7592339549171,126.77978843690198,8/11
경기 확진자,8,12,일산백병원,37.674365014841,126.750313676195,8/12
경기 확진자,8,12,원조의정부부대찌개,37.75284254822329,126.779328524025,8/12
경기 확진자,8,12,평양손만두 운정점,37.72763629216944,126.76358714500921,8/12
경기 확진자,8,11,이자카야 다루마 파주점,37.71107531859529,126.75946290132099,8/11
경기 확진자,8,11,카페드롭탑 파주야당점,37.71130998345085,126.760107444147,8/11
경기 확진자,8,11,낭만포차,37.7112857335122,126.76014494752198,8/11
경기 확진자,8,12,더첸,37.712179468516695,126.76013072562,8/12
경기 확진자,8,11,GS수퍼마켓 파주파크타운점,37.710346447389306,126.755527722631,8/11
경기 확진자,8,12,운정와이즈병원 산부인과,37.72899985113409,126.75888766508,8/12
경기 확진자,8,12,뷰티밸런스의원,37.19982845794346,127.056187217831,8/12
경기 확진자,8,13,예사부짬뽕,37.18089082356061,127.09126087255999,8/13
경기 확진자,8,11,CGV 동탄역점,37.2020815853181,127.098270280686,8/11
경기 확진자,8,4,홍인의원,37.7375876689049,127.418847588566,8/4
경기 확진자,8,13,하누리재가복지센터 (8/5 ~ 8/13),36.774752500985095,127.00346351203902,8/13
경기 확진자,8,6,청평우리병원,37.73712391760719,127.41546874585099,8/6
경기 확진자,8,14,"홍인의원 (직장, 8/10 ~ 8.14)",37.7375876689049,127.418847588566,8/14
경기 확진자,8,14,"청평창대교회 (8/10 ~ 8/12, 8/14)",37.734429473226896,127.416138893638,8/14
경기 확진자,8,13,남해해물,37.7360153127936,127.41813535947702,8/13
경기 확진자,8,15,청평역,37.735516399246606,127.426622860785,8/15
경기 확진자,8,15,광화문집회,37.572602860810186,126.97691639601517,8/15
경기 확진자,8,11,코로나19 덕양구보건소 선별진료소,37.65778628459281,126.831167768056,8/11
경기 확진자,8,11,코로나19 은평성모병원 선별진료소,37.633594067192,126.916253598994,8/11
경기 확진자,8,11,코로나19 일산백병원 선별진료소,37.67437313557693,126.75031931665683,8/11
경기 확진자,8,8,스타벅스 파주야당역점,37.7123288302914,126.75959040644042,8/8
경기 확진자,8,13,코로나19 남동구보건소 선별진료소,37.447404675386814,126.730705510279,8/13
경기 확진자,8,12,화정문화광장 (8/11 ~ 8/12),37.63488586705239,126.83296884821702,8/12
경기 확진자,8,16,코로나19 일산동구보건소 선별진료소,37.655694553150205,126.776159934729,8/16
경기 확진자,8,3,일산동부경찰서,37.6649151710481,126.769603914385,8/3
경기 확진자,8,13,포레스트아웃팅스,37.66561618336138,126.81347575061737,8/13
대구 확진자,8,15,숨쉬는순두부 신암점,35.89173762414501,128.62290037180327,8/15
경기 확진자,8,13,이지소아과,37.28452802015509,126.991222264324,8/13
경기 확진자,8,10,광명고추상회,37.277249922734484,127.01962735513149,8/10
경기 확진자,8,10,동수원요양보호사교육원,37.268914232676295,127.014498762611,8/10
경기 확진자,8,12,행궁81.2,37.2861025233962,127.014087070713,8/12
경기 확진자,8,12,달보드레,37.28951714392501,127.039407687665,8/12
경기 확진자,8,13,커피에반하다 광교호수공원점,37.285274901829034,127.06441166640295,8/13
경기 확진자,8,14,코로나19 팔달구보건소 선별진료소,37.271480622976114,127.01252843845502,8/14
경기 확진자,8,14,IFC몰,37.52506684220809,126.925955827282,8/14
경기 확진자,8,14,호매실애진곰탕,37.2594668020276,126.96425137461001,8/14
경기 확진자,8,9,우리제일교회,37.31035073159481,127.09848772732302,8/9
경기 확진자,8,8,위니아24크린샵 탑동점,37.27135803434701,126.975611752049,8/8
경기 확진자,8,11,코로나19 아주대학교병원 선별진료소,37.27958828328031,127.04761136661999,8/11
경기 확진자,8,5,신한생명 분당지점,37.3844991343896,127.12082001866399,8/5
경기 확진자,8,9,새마을식당 분당서현점,37.3877804282834,127.122794622341,8/9
경기 확진자,8,9,빅브로PC 1코너,37.38955577237121,127.122476815331,8/9
경기 확진자,8,13,야탑역 분당선 1번출구,37.412068886188194,127.129055942624,8/13
경기 확진자,8,10,네이버 본사,37.35951960725897,127.10521402769285,8/10
경기 확진자,8,11,아이스아레나,37.348965548258406,127.10249736661399,8/11
경기 확진자,8,10,열린이비인후과,37.3386804474259,127.109371584405,8/10
경기 확진자,8,10,탭스푸드서비스,37.433474250128114,127.17349298060002,8/10
경기 확진자,8,10,메디앤컬필라테스 분당정자점,37.37075754858051,127.10483007076701,8/10
경기 확진자,8,11,메디플러스의원,37.441839284125,127.131593097141,8/11
경기 확진자,8,12,차이나오라,37.40062199684361,127.10680519052242,8/12
경기 확진자,8,11,성남시 차량등록사업소,37.4072240975626,127.153910171013,8/11
경기 확진자,8,11,YWCA은학의집,37.410157540768004,127.142634293957,8/11
경기 확진자,8,11,분당서울의원,37.4111830201141,127.137977937879,8/11
경기 확진자,8,12,세광양대창 정자점,37.364625645713794,127.10631163617401,8/12
경기 확진자,8,12,백야다이닝라운지,37.36430807403479,127.10676724602402,8/12
경기 확진자,8,12,나라돈까스,37.3877859320591,127.12442520747999,8/12
경기 확진자,8,12,서울라임치과의원,37.400579636672795,127.106818683204,8/12
경기 확진자,8,13,연세이비인후과,37.44074657579069,127.132201385314,8/13
경기 확진자,8,15,분당서울대학교병원 응급실,37.35162305206519,127.12377859285499,8/15
경기 확진자,8,14,성남시의료원 응급의료센터,37.44498428779222,127.13905704599802,8/14
송파구 10,8,13,삼성전자 화성캠퍼스 EUV라인(2020년하반기예정),37.22124819038917,127.06339270879477,8/13
강동구 60,8,11,고등어명품이되다,37.01627784641949,127.1148273829651,8/11
오산 12 ,8,15,남촌동주민센터,37.15465937165811,127.063495801812,8/15
#경기 확진,8,14,범계역 4호선,37.3897837540429,126.950783269518,8/14
#경기 확진,8,15,안양역,37.40185680342681,126.922643794145,8/15
#경기 확진,8,13,금정역 1호선,37.372336560710394,126.943271168756,8/13
#경기 확진,8,13,안양역시외버스정류장,37.4011533980428,126.921718401946,8/13
#경기 확진,8,13,미금역 분당선 1번출구,37.3504949255411,127.109176534942,8/13
서울 확진자,8,13,한세대학교,37.3445426049073,126.95371998384502,8/13
서울 확진자,8,13,마포구보건소,37.56694932271091,126.90185909738,8/13
서울 확진자,8,14,동작구보건소,37.50445319731479,126.94111073941319,8/14
서울 확진자,8,14,코로나19 용산구보건소 선별진료소,37.5325896182205,126.99061852981102,8/14
서울 확진자,8,9,사랑제일교회,37.612834919411284,127.05344525397099,8/9
서울 확진자,8,9,이태원역 6호선,37.53452520505109,126.994333861918,8/9
서울 확진자,8,9,돌곶이역 6호선,37.61055222857029,127.05642453926866,8/9
서울 확진자,8,13,한남역 경의중앙선,37.529428918943715,127.00920911058401,8/13
서울 확진자,8,13,용산역 경의중앙선,37.5296078236182,126.96475640126398,8/13
서울 확진자,8,13,코로나19 용산구보건소 선별진료소,37.5325896182205,126.99061852981102,8/13
서울 확진자,8,13,숙대입구역 4호선 ,37.5445952301115,126.972118127373,8/13
서울 확진자,8,13,숙대입구역 4호선 ,37.5445952301115,126.972118127373,8/13
서울 확진자,8,13,동대문역사문화공원역 2호선,37.56566350445559,127.00900530192898,8/13
서울 확진자,8,13,역삼역 2호선,37.50067441859942,127.03646946847,8/13
서울 확진자,8,11,신호찜질사우나,37.5259730331635,127.000610895615,8/11
서울 확진자,8,14,코로나19 동대문구보건소 선별진료소,37.5746993851423,127.040223107039,8/14
서울 확진자,8,9,"중곡동성당 (8/2, 8/9)",37.56340416406928,127.082489508026,8/9
서울 확진자,8,11,더불어내과의원,37.5630124203003,127.08091354407101,8/11
서울 확진자,8,11,다온약국,37.56297637582233,127.08092029617094,8/11
서울 확진자,8,12,신성내과의원,37.562902909269106,127.082919056852,8/12
서울 확진자,8,12,새동산약국,37.5629065672807,127.08284209537102,8/12
서울 확진자,8,14,건국대학교병원 이비인후과,37.54119956795036,127.07209467698176,8/14
서울 확진자,8,14,코로나19 광진구보건소 선별진료소,37.53854422826241,127.08190995329798,8/14
서울 확진자,8,12,수일홈케어복지센터,37.540283376937296,127.084161285808,8/12
서울 확진자,8,13,정윤헤어샵,37.5483738471303,127.107038284069,8/13
경기 확진자,8,14,오천포차,37.4558537083799,127.162007276747,8/14
경기 확진자,8,14,사랑의내과소아청소년과의원,37.433656823407304,127.15899457584399,8/14
경기 확진자,8,17,코로나19 장안구보건소 선별진료소,37.30437595313949,127.01028699688202,8/17
경기 확진자,8,15,이디야커피 수원인계점,37.2627368695917,127.031953293654,8/15
경기 확진자,8,17,코로나19 팔달구보건소 선별진료소,37.271480622976114,127.01252843845502,8/17
경기 확진자,8,15,광화문광장,37.572602860810186,126.97691639601517,8/15
경기 확진자,8,17,코로나19 영통구보건소 선별진료소,37.2569433360389,127.069434244751,8/17
경기 확진자,8,10,팔당원조칼제비칼국수,37.54146190683777,127.23758326816774,8/10
경기 확진자,8,14,동방빌딩 주차장,37.29698073345031,127.635905255451,8/14
경기 확진자,8,14,금은모래강변공원,37.288481641958,127.67190217924501,8/14
경기 확진자,8,15,북여주성당,37.303662473524,127.659652560352,8/15
경기 확진자,8,14,대한불교조계종 신륵사,37.2975537607582,127.661552624912,8/14
경기 확진자,8,13,숙현네 바지락칼국수콩감자탕,37.2973794111616,127.55139283595099,8/13
경기 확진자,8,13,조종생활체육공원 테니스장,37.8164885152742,127.353308792201,8/13
경기 확진자,8,14,김갑훈의소담막국수,37.6711780526919,127.16657745576902,8/14
경기 확진자,8,14,경기도신체장애인복지관,37.88058280367939,127.52504459359498,8/14
경기 확진자,8,12,365할인마트 청평점,37.740549368490505,127.423071143063,8/12
경기 확진자,8,16,청평종묘사,37.73728427379691,127.41903647326599,8/16
경기 확진자,8,17,강현철의원,37.73827587773233,127.41989634363031,8/17
경기 확진자,8,13,GS25 청평강변나루점,37.73291851300589,127.41410435988,8/13
경기 확진자,8,16,CU 청평쉐르빌점,37.73169349632501,127.41427677330401,8/16
경기 확진자,8,16,이예수의명태조림본가,37.736084331863616,127.41798145973401,8/16
경기 확진자,8,14,33떡볶이 가평점,37.830504119516505,127.51355873359898,8/14
경기 확진자,8,14,태양문구,37.83052977560081,127.51366682295,8/14
경기 확진자,8,14,다이소 가평점,37.830066010656815,127.5134091653839,8/14
서울 확진자,8,13,모던통닭 건대점,37.54091286362841,127.06939800391801,8/13
서울 확진자,8,13,일광,37.54286666349899,127.06865752256599,8/13
서울 확진자,8,14,GS25 노유타운점,37.5356975674954,127.063541389623,8/14
서울 확진자,8,14,뉴메디칼약국,37.5360101951539,127.065229762762,8/14
서울 확진자,8,15,진우쌈밥갈비,37.53648349911101,127.063057797267,8/15
서울 확진자,8,16,광진구보건소,37.53854422826241,127.08190995329798,8/16
서울 확진자,8,14,으뜸어린이집,37.530780041408555,127.07119879152987,8/14
서울 확진자,8,17,경강바이크,37.618906587048244,127.0232202430729,8/17
서울 확진자,8,14,종로서부새마을금고 본점,37.57563187316789,126.95710025140498,8/14
서울 확진자,8,14,목포수협 독립문지점,37.570393587387,126.962695136664,8/14
서울 확진자,8,12,이촌역 4호선,37.522566199196,126.9740607419023,8/12
서울 확진자,8,13,스터디뱅크독서실 군자학습관,37.5519110229835,127.07146785777601,8/13
서울 확진자,8,13,GS25 S어린이대공원역점,37.5471341957958,127.07396188674355,8/13
서울 확진자,8,13,뚜레쥬르 군자역점,37.5565910583082,127.07952586464302,8/13
서울 확진자,8,15,로제우스레포츠센터,37.607440706088106,126.957679960116,8/15
서울 확진자,8,15,태백철학원,37.5549327527356,127.08022124532299,8/15
서울 확진자,8,13,국민건강보험공단 광진지사,37.534943970641535,127.09153555948699,8/13
경기 확진자,8,15,청평터미널,37.73811748827989,127.42085637128099,8/15
경기 확진자,8,15,성실산장어숯불구이,34.5258354358319,127.135621101943,8/15
경기 확진자,8,15,청평역 경춘선,37.735516399246606,127.426622860785,8/15
경기 확진자,8,15,종각역 1호선,37.5702288920691,126.983151948921,8/15
경기 확진자,8,16,나로도항,34.46393349744214,127.45374795530168,8/16
경기 확진자,8,16,대경가든,34.8360460755645,127.344178135149,8/16
경기 확진자,8,17,청평터미널,37.73811748827989,127.42085637128099,8/17
경기 확진자,8,18,코로나19 동국대학교일산불교병원 선별진료소,37.67663005128271,126.806396241736,8/18
경기 확진자,8,13,사랑제일교회,37.612834919411284,127.05344525397099,8/13
경기 확진자,8,15,광화문,37.57596896633272,126.976861018866,8/15
경기 확진자,8,18,코로나19 일산서구보건소 선별진료소,37.6844819491775,126.775810437709,8/18
경기 확진자,8,18,현대로템 본사,37.32454632895621,126.95223843147602,8/18
경기 확진자,8,18,스타벅스 산본점 (근무),37.360663972760705,126.93173005507299,8/18
경기 확진자,8,19,코로나19 원광대학교산본병원 선별진료소,37.359446835820016,126.933577847603,8/19
경기 확진자,8,17,초당마을래미안한강아파트(거주),37.63879021716825,126.67599061123096,8/17
경기 확진자,8,15,라나네일,37.639526145659296,126.674945052365,8/15
경기 확진자,8,15,한강호반베르디움아파트(거주),37.64565434089907,126.65889183965086,8/15
경기 확진자,8,15,남성빌라(거주),37.600733794349196,126.71821362322001,8/15
경기 확진자,8,19,삼환아파트(거주),37.6273959666356,126.69966615866309,8/19
경기 확진자,8,19,김포한강예미지아파트(거주),37.6380961595251,126.62452344880401,8/19
경기 확진자,8,14,산속의집,37.66146391024486,126.67487888673894,8/14
경기 확진자,8,19,상상팩토리(직장),37.624926307562646,126.681433776023,8/19
경기 확진자,8,19,하늘빛마을일성트루엘(거주),37.65282523947246,126.68990432762983,8/19
경기 확진자,8,15,365마미베베한의원,37.65422530564243,126.68478425312608,8/15
경기 확진자,8,17,현내과의원,37.65522651117768,126.68184492428328,8/17
대구 확진자,8,19,고향석쇠포차,35.855554008469596,128.60223971740024,8/19
대구 확진자,8,16,고운라멘,35.89417437205531,128.60970690495927,8/16
대구 확진자,8,16,롯데슈퍼 남산점,35.8626813464379,128.57628963158803,8/16
대구 확진자,8,17,롯데슈퍼 남산점,35.8626813464379,128.57628963158803,8/17
대구 확진자,8,18,"두류1,2동행정복지센터",35.85568785032301,128.57219546956023,8/18
대구 확진자,8,15,숨쉬는순두부 신암점,35.89173762414501,128.62290037180327,8/15
부산 확진자,8,13,이재모피자,35.10204215079572,129.03074719072924,8/13
부산 확진자,8,15,이재모피자,35.10204215079572,129.03074719072924,8/15
부산 확진자,8,17,이재모피자,35.10204215079572,129.03074719072924,8/17
강원 확진자,8,18,철원오대갈비,38.20733428361879,127.22065967076199,8/18
경기 확진자,8,13,송림이발관,37.39026964920689,126.735582823636,8/13
경기 확진자,8,18,코로나19 시흥시화병원 선별진료소,37.3529205125826,126.724560238092,8/18
경기 확진자,8,19,경기도의료원 수원병원,37.29185913925371,126.99637759217902,8/19
경기 확진자,8,17,CU 시흥푸르지오점,37.4423101608621,126.786158263368,8/17
경기 확진자,8,18,CU 시흥푸르지오점,37.4423101608621,126.786158263368,8/18
경기 확진자,8,19,코로나19 시흥시보건소 선별진료소,37.44530276668339,126.784856945894,8/19
경기 확진자,8,20,경기도의료원 파주병원,37.754896406370285,126.77962654033324,8/20
경기 확진자,8,19,코로나19 하남시보건소 선별진료소,37.539082334037595,127.215529885574,8/19
경기 확진자,8,17,분당서울대학교병원,37.351998463600495,127.12321938810402,8/17
경기 확진자,8,17,코로나19 아주대학교병원 선별진료소,37.27958828328031,127.04761136661999,8/17
경기 확진자,8,12,능실초등학교,37.25973790641349,126.955909269845,8/12
경기 확진자,8,12,커피정류장,37.2361094035815,127.05178525012701,8/12
경기 확진자,8,13,화보리헤어36.5 천천점,37.297155976098594,126.982328809162,8/13
경기 확진자,8,14,더브라운 광교교보엘포트점,37.28704438302026,127.05773380004543,8/14
경기 확진자,8,18,코로나19 장안구보건소 선별진료소,37.30437595313949,127.01028699688202,8/18
경기 확진자,8,18,코로나19 영통구보건소 선별진료소,37.2569433360389,127.069434244751,8/18
경기 확진자,8,17,코로나19 포천시보건소 선별진료소,37.90077173443831,127.20124450949001,8/17
경기 확진자,8,15,포천종합운동장,37.88802259971731,127.20064140337098,8/15
경기 확진자,8,18,경기도의료원 포천병원,37.90326330517421,127.198317737577,8/18
경기 확진자,8,18,코로나19 포천시보건소 선별진료소,37.90077173443831,127.20124450949001,8/18
경기 확진자,8,18,코로나19 소흘보건지소 선별진료소,37.823327663409785,127.138299814561,8/18
경기 확진자,8,18,코로나19 소흘보건지소 선별진료소,37.823327663409785,127.138299814561,8/18
경기 확진자,8,18,코로나19 포천시보건소 선별진료소,37.90077173443831,127.20124450949001,8/18
서울 확진자,8,3,세광양대창 군자점,37.5559817155861,127.07992359005999,8/3
서울 확진자,8,4,헤어제이,37.5511790079076,127.091623310859,8/4
서울 확진자,8,11,"오늘 (8/6~8/8, 8/10, 8/11)",37.546203991204315,127.10327376519301,8/11
서울 확진자,8,12,코로나19 광진구보건소 선별진료소,37.53854422826241,127.08190995329798,8/12
서울 확진자,8,13,코로나19 중구보건소 선별진료소,37.56458889596121,127.01509124756998,8/13
서울 확진자,8,10,카페포레스트,37.48498300488351,127.01880982304799,8/10
서울 확진자,8,10,강촌식당 서초점,37.48537942760041,127.01894108082499,8/10
서울 확진자,8,11,에이스트링,37.48147011796511,127.010315748447,8/11
서울 확진자,8,11,비발디악기,37.4818557225303,127.010623330831,8/11
서울 확진자,8,12,연세봄이비인후과 서초점,37.4854554886722,127.01642647454207,8/12
서울 확진자,8,12,장수알파약국,37.4854338788893,127.016322447563,8/12
서울 확진자,8,12,이마트에브리데이 남부터미널점,37.48567104723039,127.02076833360601,8/12
서울 확진자,8,13,하나은행 국제전자센터,37.48477770933739,127.017945942211,8/13
서울 확진자,8,13,지인 영업장,37.484622774086915,127.01769263633099,8/13
서울 확진자,8,13,루엘드파리,37.483963296127,127.017285445221,8/13
서울 확진자,8,13,맛나는신미정 (8/11 ~ 8/13),37.574471857286674,127.02965896117165,8/13
서울 확진자,8,13,코로나19 동대문구보건소 선별진료소,37.5746993851423,127.040223107039,8/13
서울 확진자,8,10,죽전역 분당선,37.324377383056905,127.107505020642,8/10
서울 확진자,8,10,왕십리역 분당선,37.56064072915889,127.038784937603,8/10
서울 확진자,8,10,지성사철탕,37.475980062645284,127.04551078248659,8/10
서울 확진자,8,13,서초구보건소,37.48359580161091,127.03350791077199,8/13
경기 확진자,8,19,코로나19 일산서구보건소 선별진료소,37.6844819491775,126.775810437709,8/19
경기 확진자,8,18,코로나19 일산동구보건소 선별진료소,37.655694553150205,126.776159934729,8/18
경기 확진자,8,19,코로나19 덕양구보건소 선별진료소,37.65778628459281,126.831167768056,8/19
경기 확진자,8,19,코로나19 명지성모병원 선별진료소,37.4938507104387,126.89925446922601,8/19
경기 확진자,8,16,코로나19 광명시보건소 선별진료소,37.4566775267623,126.878851478017,8/16
경기 확진자,8,16,코로나19 경기도의료원안성병원 선별진료소,37.0173525532661,127.260366365314,8/16
경기 확진자,8,15,코로나19 수지구보건소 선별진료소,37.3221916779058,127.09683791577301,8/15
경기 확진자,8,15,코로나19 용인서울병원 선별진료소,37.2403163730292,127.21449144047898,8/15
경기 확진자,8,13,빵이좋아호텔,37.301556674461494,127.12168428967598,8/13
경기 확진자,8,17,코로나19 다보스병원 선별진료소,37.2316033392449,127.211446736629,8/17
경기 확진자,8,15,전설의치킨 보라동점,37.253757431201564,127.10772922885567,8/15
경기 확진자,8,15,우리동네스시신조 보정점,37.32009261649229,127.11082032189691,8/15
경기 확진자,8,15,배스킨라빈스 죽전꽃메마을점,37.3207624824037,127.115122020802,8/15
경기 확진자,8,15,K&D스포츠 동백초당점,37.2584765421438,127.16068178120102,8/15
경기 확진자,8,16,봉산오토캠핑장 나인힐스,37.11773096956594,127.3131937839075,8/16
경기 확진자,8,12,공본스터디카페 운정산내센터,37.728877793533705,126.73357697775,8/12
경기 확진자,8,12,코키아병원,37.7279426779576,126.73481563528499,8/12
경기 확진자,8,12,BB컵,37.7283251785511,126.733434894272,8/12
경기 확진자,8,12,당당제빵소,37.8633368752454,126.773646909797,8/12
경기 확진자,8,12,해운대가야밀면 금촌직영점,37.7573612836137,126.769185875324,8/12
경기 확진자,8,12,스카이볼링장,37.750912569077805,126.7666414821484,8/12
경기 확진자,8,12,아씨보쌈 금촌직영점,37.7523425652317,126.76626934077198,8/12
경기 확진자,8,13,최지호내과의원,37.85808360052075,126.7857718438638,8/13
경기 확진자,8,13,감사약국,37.858079039973234,126.78574117580672,8/13
경기 확진자,8,14,신전떡볶이 운정산내점,37.7297131251602,126.73563741743615,8/14
경기 확진자,8,13,GS25 파주현대점,37.725508961996894,126.75083174356,8/13
경기 확진자,8,13,메가커피 운정신도시1호점,37.728268206923,126.73534081537099,8/13
경기 확진자,8,13,다이소 파주목동동점,37.730101927720604,126.736659248984,8/13
경기 확진자,8,13,올리브영 홈플러스파주운정점,37.729536336775,126.736756539342,8/13
경기 확진자,8,13,교하 연세이비인후과,37.7261226382593,126.717707468905,8/13
경기 확진자,8,13,교하제일약국,37.7261336018747,126.717770949342,8/13
경기 확진자,8,12,고수 수학학원,37.72953539854381,126.735130983779,8/12
경기 확진자,8,10,신한은행 교하지점,37.724249098863574,126.71790627537015,8/10
경기 확진자,8,9,멘토르 가온센터,37.7234939401878,126.75232667292399,8/9
경기 확진자,8,14,아트셀예술교육원,37.729521835696005,126.73510947897199,8/14
경기 확진자,8,13,바디마스터짐 야당점,37.7103733234493,126.759837149634,8/13
경기 확진자,8,12,플랜에이독서실 파주운정센터,37.71125019122291,126.74492775893998,8/12
경기 확진자,8,13,CU 운정한빛점,37.71433149672884,126.7486961608999,8/13
경기 확진자,8,13,홍가네김밥,37.72866811019972,126.73649076904279,8/13
경기 확진자,8,14,배쌤영어교습소,37.73040907368401,126.738645609107,8/14
경기 확진자,8,14,매쓰온 방선생수학학원,37.73135430467286,126.75204525385617,8/14
경기 확진자,8,11,골프존파크 운정야당점,37.7096885338144,126.759812141862,8/11
경기 확진자,8,11,더스파 24시사우나,37.713728953980905,126.760039536393,8/11
경기 확진자,8,10,커브,37.72006783555259,126.752891584707,8/10
경기 확진자,8,10,진짜배기명태촌 파주점,37.71994827316765,126.75258914277056,8/10
경기 확진자,8,16,코로나19 파주시보건소 선별진료소,37.756350556560406,126.77391425919102,8/16
경기 확진자,8,15,해밀애선인장칼국수,37.720219706892195,126.714803551855,8/15
경기 확진자,8,14,팜스마트 산내점,37.71859613761132,126.73890488260952,8/14
경기 확진자,8,14,두리이비인후과의원,37.7111149397331,126.745713015597,8/14
경기 확진자,8,15,GDR아카데미 파주야당점,37.7117385959873,126.75954241278801,8/15
경기 확진자,8,14,파주 고용복지플러스센터,37.76491467710911,126.77462134708982,8/14
경기 확진자,8,12,양계장집아들 야당역점,37.7108739708286,126.737711698214,8/12
경기 확진자,8,18,교하향교,37.749717575540906,126.77671214641401,8/18
경기 확진자,8,18,숭례문,37.560003008884316,126.975313124237,8/18
경기 확진자,8,14,서원밸리컨트리클럽,37.8246317392752,126.893259090631,8/14
경남 확진자,8,14,부송국수,34.834668806688306,128.59952652447825,8/14
경남 확진자,8,15,부송국수,34.834668806688306,128.59952652447825,8/15
경남 확진자,8,16,부송국수,34.834668806688306,128.59952652447825,8/16
경남 확진자,8,17,부송국수,34.834668806688306,128.59952652447825,8/17
경남 확진자,8,18,부송국수,34.834668806688306,128.59952652447825,8/18
경남 확진자,8,21,고기들의창고,34.8475480780578,128.59225303535823,8/21
충남 확진자,8,16,대천해수욕장,36.3102317300706,126.513481592784,8/16
경기 확진자,8,12,뷰티밸런스의원,37.19982845794346,127.056187217831,8/12
경기 확진자,8,13,YBM연수원,37.19527879340388,126.97899497644721,8/13
경기 확진자,8,13,피닉슨컨트롤스 본사,37.1661678056528,127.08613607268299,8/13
경기 확진자,8,13,예사부짬뽕,37.18089082356061,127.09126087255999,8/13
경기 확진자,8,8,갠지스 카림애비뉴점,37.19906232451041,127.1132293422787,8/8
경기 확진자,8,13,기아자동차 화성공장,37.03312998053906,126.77848136025926,8/13
경기 확진자,8,12,수기평안교회,37.2035012900543,126.98136839644,8/12
경기 확진자,8,14,주다산교회,37.190312978455495,127.068832584876,8/14
경기 확진자,8,15,콩마루,37.2108541795788,127.053237028631,8/15
경기 확진자,8,14,우정가,37.19736007992751,127.098264160355,8/14
경기 확진자,8,18,키즈키즈어학원,37.1966619776001,127.077304035962,8/18
경기 확진자,8,20,루나의방,37.20109873228589,127.071608868331,8/20
경기 확진자,8,20,삼성전자 나노시티 화성캠퍼스,37.22130836163429,127.063763450643,8/20
경기 확진자,8,16,컴포즈커피 동탄산척점,37.1734682276851,127.113826209177,8/16
경기 확진자,8,20,코로나19 오산한국병원 선별진료소,37.141298742623114,127.075320749447,8/20
경기 확진자,8,22,코로나19 박애병원 선별진료소,36.993084506701805,127.089076869905,8/22
경기 확진자,8,19,코로나19 동탄성심병원 선별진료소,37.2166490921101,127.08000585823586,8/19
경기 확진자,8,20,코로나19 남양디에스병원 선별진료소,37.19919637591692,126.825713233965,8/20
경기 확진자,8,18,나인유치원,37.209755220443895,127.052515264505,8/18
경기 확진자,8,21,코로나19 원광종합병원 선별진료소,37.21006213327738,127.00803458892301,8/21
경기 확진자,8,14,봉담초등학교,37.2228814863721,126.94698888213598,8/14
경기 확진자,8,19,송린초등학교,37.27817777640059,126.82409477707085,8/19
경기 확진자,8,12,청담추어정,37.22533188025999,127.074025058329,8/12
경기 확진자,8,18,한림대학교 동탄성심병원,37.2166490921101,127.08000585823602,8/18
서울 확진자,8,12,돌곶이역 6호선,37.61055222857029,127.05642453926866,8/12
서울 확진자,8,12,길동역 5호선,37.537826487415906,127.140021295948,8/12
서울 확진자,8,10,이마트 명일점,37.5546046874526,127.155987297642,8/10
서울 확진자,8,10,강동경희대학교병원,37.553535757905195,127.157605669213,8/10
서울 확진자,8,10,강동아트센터,37.55131260991689,127.157220746667,8/10
서울 확진자,8,10,십자성마을,37.545427282523185,127.14004909005,8/10
서울 확진자,8,11,역삼역 2호선,37.50067441859942,127.03646946847,8/11
서울 확진자,8,12,상일동역 5호선,37.55667787572152,127.165905758209,8/12
서울 확진자,8,12,오금역,37.5021388575469,127.12795321959601,8/12
서울 확진자,8,13,국립중앙도서관,37.4976237970439,127.002985471402,8/13
서울 확진자,8,13,연세미래치과,37.483753007768804,126.93033379492698,8/13
서울 확진자,8,13,순천향대학교부속 서울병원,37.53378643738393,127.00442379819599,8/13
서울 확진자,8,12,서울고속버스터미널(경부),37.506075062791396,127.006989504898,8/12
서울 확진자,8,12,답십리역 5호선,37.56697480965114,127.05256127651293,8/12
서울 확진자,8,12,제기동역 1호선,37.578175298568304,127.034949495921,8/12
서울 확진자,8,12,돌곶이역 6호선,37.61055222857029,127.05642453926866,8/12
서울 확진자,8,14,쌍문역 4호선,37.648542605703604,127.03465609756,8/14
서울 확진자,8,14,답십리현대시장,37.566773362608394,127.059370674124,8/14
서울 확진자,8,14,노원을지대학교병원,37.63649432146963,127.06993885580515,8/14
서울 확진자,8,12,두리원,37.506219322319325,127.0050532634284,8/12
서울 확진자,8,12,한우리음식 서래점,37.4976922965603,126.998136340392,8/12
서울 확진자,8,12,홈플러스익스프레스 서래마을점,37.4971336732917,126.998186111806,8/12
서울 확진자,8,13,모야 (G-015호),37.506219322319325,127.0050532634284,8/13
서울 확진자,8,13,신세계백화점 강남점,37.505305732081965,127.00432032924516,8/13
서울 확진자,8,14,코스트코 양재점,37.46193109022558,127.036287876828,8/14
서울 확진자,8,14,하나로마트 양재점,37.463597297517516,127.04358620638807,8/14
서울 확진자,8,14,중곡메디칼약국,37.557561928383706,127.087729931012,8/14
서울 확진자,8,14,CU 중곡빌리지점,37.5561971382576,127.08620726626502,8/14
서울 확진자,8,13,뺑비,37.5577387787938,127.08738608090901,8/13
서울 확진자,8,14,경희천수한의원,37.5345114135852,127.08181955471001,8/14
서울 확진자,8,14,참사랑가정의학과의원,37.53577198585559,127.08300667672698,8/14
서울 확진자,8,12,행복한약국,37.53555992600185,127.08218275869349,8/12
서울 확진자,8,13,미샤플러스 자양점,37.53594147550471,127.08286204047002,8/13
서울 확진자,8,15,제기동역 1호선,37.578175298568304,127.034949495921,8/15
서울 확진자,8,15,동묘역,37.57321666002831,127.01636422710298,8/15
서울 확진자,8,15,돌곶이역,37.61055222857029,127.05642453926866,8/15
서울 확진자,8,12,마포역,37.53955493112619,126.94586483454698,8/12
서울 확진자,8,12,던킨도너츠 중앙보훈병원점,37.52969008977881,127.147717321565,8/12
서울 확진자,8,13,59쌀피자 보훈병원삼거리점,37.529362101613685,127.14334970850463,8/13
서울 확진자,8,14,한우리유공약국,37.52900536370241,127.144779030774,8/14
서울 확진자,8,16,인천국제공항,37.44945028134419,126.45042670237001,8/16
서울 확진자,8,12,CGV 홍대,37.556502387394815,126.922624553201,8/12
서울 확진자,8,12,탕화쿵푸마라탕 홍대입구7호점,37.5537635848072,126.92297595089802,8/12
서울 확진자,8,11,상수역,37.547766183663924,126.92242989321456,8/11
부산 확진자,8,16,좋은횟집,35.1489576009199,129.03018336149026,8/16
부산 확진자,8,22,가야스파밸리24,35.14887281567822,129.0305104116472,8/22
부산 확진자,8,16,금화정삼계탕,35.23792490569179,129.09150052475752,8/16
부산 확진자,8,15,가야밀면,35.1525597618507,129.02575882872924,8/15
부산 확진자,8,13,이재모피자,35.10204215079572,129.03074719072924,8/13
부산 확진자,8,16,춘하추동부산밀면,35.1574588671397,129.04829383742734,8/16
서울 확진자,8,19,코로나19 삼육서울병원 선별진료소,37.587990429594605,127.065329444279,8/19
서울 확진자,8,19,코로나19 청구성심병원 선별진료소,37.6207915443588,126.919553991692,8/19
서울 확진자,8,19,코로나19 동대문구보건소 선별진료소,37.5746993851423,127.040223107039,8/19
서울 확진자,8,18,수한의원 (8/16 ~ 8/18),37.48590951558891,126.982999038694,8/18
서울 확진자,8,18,푸른약국,37.485859070003734,126.98307480588721,8/18
서울 확진자,8,18,코로나19 보라매병원 선별진료소,37.49379005514929,126.924191001255,8/18
서울 확진자,8,18,명가설농탕 이수점,37.4860575493831,126.984979967026,8/18
서울 확진자,8,18,청성신병교육대,38.1440886295268,127.218091685726,8/18
서울 확진자,8,19,코로나19 마포구보건소 선별진료소,37.56694932271091,126.90185909738,8/19
서울 확진자,8,17,별내린아이,37.554860404748794,127.080615007869,8/17
서울 확진자,8,18,코로나19 광진구보건소 선별진료소,37.53854422826241,127.08190995329798,8/18
서울 확진자,8,16,그린필드스크린골프,37.4857448002001,127.029795713299,8/16
서울 확진자,8,19,코로나19 서초구보건소 선별진료소,37.48359580161091,127.03350791077199,8/19
서울 확진자,8,18,까사14-2,37.586566868665884,126.996521867556,8/18
서울 확진자,8,19,새힘신경외과의원 (8/17~8/19),37.47122926286696,126.93396968221766,8/19
서울 확진자,8,18,동방헬스장 (8/17~8/18),37.4707484818555,126.934614464587,8/18
서울 확진자,8,19,초밥집,37.47043076913739,126.933615423174,8/19
서울 확진자,8,12,홍대입구역 2호선,37.556870744887306,126.923778562273,8/12
서울 확진자,8,20,코로나19 마포구보건소 선별진료소,37.56694932271091,126.90185909738,8/20
서울 확진자,8,18,망원 쓰리팝피시방,37.55601463071571,126.91068744441598,8/18
서울 확진자,8,20,코로나19 동대문구보건소 선별진료소,37.5746993851423,127.040223107039,8/20
서울 확진자,8,20,코로나19 용산구보건소 선별진료소,37.5325896182205,126.99061852981102,8/20
서울 확진자,8,19,청춘포차,37.581780842274604,127.000593237215,8/19
서울 확진자,8,19,부탄츄 대학로점,37.5814600891254,127.00046190791102,8/19
서울 확진자,8,18,"대양참치 건대본점 (8/12~8/15, 8/17~8/18)",37.5410569329634,127.069552023602,8/18
서울 확진자,8,20,코로나19 서울성심병원 선별진료소,37.5841885967667,127.04981994332799,8/20
서울 확진자,8,20,"서울성심병원 (8/19, 8/20)",37.5841741732334,127.049838048407,8/20
서울 확진자,8,18,"싱싱마트 농산물할인점 (8/17, 8/18)",37.53505002874209,127.07944867638201,8/18
경기 확진자,8,21,윤성에프앤씨 본사,37.0839574628436,126.8958304778679,8/21
경기 확진자,8,21,무봉유치원,37.20378770480111,127.123771063239,8/21
경기 확진자,8,21,화성시자원화시설,37.13663920869319,126.87795907278698,8/21
경기 확진자,8,22,낙원 순대곱창철판볶음 팔탄점,37.14396062379489,126.872256413984,8/22
경기 확진자,8,20,삼성전자 나노시티 화성캠퍼스,37.22130836163429,127.063763450643,8/20
경기 확진자,8,20,꿈사랑유치원,37.185048121435216,127.12501081070099,8/20
경기 확진자,8,19,모두카라반,37.21914659205453,126.96356735619938,8/19
경기 확진자,8,21,화성디에스병원,37.199229711374,126.825710904541,8/21
경기 확진자,8,20,육회지존 병점점,37.212653147751915,127.04068128438828,8/20
광주 확진자,8,23,성림침례교회,35.182153829609,126.937957134813,8/23
광주 확진자,8,23,동강대학교 인문사회관,35.168598276891615,126.926595382862,8/23
광주 확진자,8,24,대한상공회의소 광주인력개발원 본관,35.1580502444067,126.79573352321398,8/24
광주 확진자,8,24,춘천집닭갈비,35.19046807503681,126.81224070866601,8/24
광주 확진자,8,24,커피152,35.1903159869806,126.811815042894,8/24
광주 확진자,8,26,성림침례교회,35.182153829609,126.937957134813,8/26
경기 확진자,8,26,코로나19 구리시보건소 선별진료소,37.6047390429208,127.14507969978898,8/26
경기 확진자,8,22,코로나19 한양대학교구리병원 선별진료소,37.6013049765357,127.13238531862399,8/22
경기 확진자,8,21,랑데자뷰 구리롯데점,37.60272959140279,127.143807455022,8/21
경기 확진자,8,22,달리자서울포차 구리점,37.59953856961138,127.139058820854,8/22
경기 확진자,8,22,서울특별시 서울의료원,37.6128675208202,127.09809248467599,8/22
경기 확진자,8,22,구리시농수산물도매시장,37.6124952196255,127.144700622465,8/22
경기 확진자,8,23,녹색병원,37.5835551077765,127.08599878609901,8/23
경기 확진자,8,22,태안군보건의료원,36.75184977004759,126.32319896164098,8/22
경기 확진자,8,21,롯데백화점 구리점,37.602682646193095,127.143884371108,8/21
경기 확진자,8,23,이도맥주 구리갈매점,37.633626486515176,127.11665429882059,8/23
경기 확진자,8,25,원진녹색병원,37.605999002205984,127.13409691459101,8/25
경기 확진자,8,18,코로나19 강남구보건소 선별진료소,37.51636077923351,127.042273077358,8/18
경기 확진자,8,18,코로나19 광진구보건소 선별진료소,37.53854422826241,127.08190995329798,8/18
경기 확진자,8,19,코로나19 강남구보건소 선별진료소,37.51636077923351,127.042273077358,8/19
경기 확진자,8,26,코로나19 현대병원 선별진료소,37.715454066306,127.17988271186199,8/26
경기 확진자,8,20,별가람마을1-3/4단지 정류장,37.667594308035696,127.113080455238,8/20
경기 확진자,8,26,코로나19 남양주보건소 선별진료소,37.610500142345956,127.1711727565189,8/26
경기 확진자,8,25,코로나19 동부보건센터 선별진료소,37.657848169579914,127.300710321551,8/25
경기 확진자,8,26,코로나19 남양주풍양보건소 선별진료소,37.71048368762529,127.18947867090398,8/26
경기 확진자,8,22,코로나19 성동구보건소 선별진료소,37.56709355992669,127.033219287311,8/22
경기 확진자,8,22,효성해링턴타워 정류장,37.60598273938582,127.15611717366103,8/22
경기 확진자,8,21,경천애인한의원,37.60461026392058,127.15563866503345,8/21
경기 확진자,8,21,평내호평역 경춘선,37.6532138128125,127.24443896868799,8/21
경기 확진자,8,21,별내역 경춘선,37.6420679726917,127.126969149167,8/21
경기 확진자,8,21,365디케이의원,37.64617094363693,127.1253852494292,8/21
경기 확진자,8,23,코로나19 동부보건센터 선별진료소,37.657848169579914,127.300710321551,8/23
경기 확진자,8,22,인천국제공항,37.44945028134419,126.45042670237001,8/22
경기 확진자,8,26,코로나19 남양주한양병원 선별진료소,37.68235924163399,127.204357781822,8/26
경기 확진자,8,22,마석역 경춘선,37.65279221550101,127.311686554885,8/22
경기 확진자,8,23,코로나19 용산구보건소 선별진료소,37.5325896182205,126.99061852981102,8/23
경기 확진자,8,23,코로나19 노원구보건소 선별진료소,37.6546642208363,127.05698372406,8/23
경기 확진자,8,18,곤지암할매소머리국밥 하남미사점,37.5620181745024,127.19032894243,8/18
경기 확진자,8,21,코로나19 하남시보건소 선별진료소,37.539082334037595,127.215529885574,8/21
경기 확진자,8,24,웰빙불한증막사우나,37.5399497738762,127.20189105029199,8/24
경기 확진자,8,13,캐슬아이어린이집,37.715853607979014,126.755731924728,8/13
경기 확진자,8,13,깡쿤,37.85793264835749,126.783531417175,8/13
경기 확진자,8,14,골프존파크 운정야당점,37.7096885338144,126.759812141862,8/14
경기 확진자,8,15,구끼구끼,37.76670578495169,126.778417970816,8/15
경기 확진자,8,15,김밥천국,37.7516208678231,126.76762418811799,8/15
경기 확진자,8,13,파주시중앙도서관,37.750062853912404,126.77071995225099,8/13
경기 확진자,8,14,사랑해 카페,37.7573273914126,126.770284466669,8/14
경기 확진자,8,14,파주시노인복지관,37.7538569482337,126.77976352353998,8/14
경기 확진자,8,14,김밥나라 금촌점,37.755179178015396,126.77384973777599,8/14
경기 확진자,8,13,골프존파크 운정야당점,37.7096885338144,126.759812141862,8/13
경기 확진자,8,16,갈릴리농원 본관,37.835582733413695,126.74566125022893,8/16
경기 확진자,8,17,복만원,37.73192967819859,126.751881114384,8/17
경기 확진자,8,18,코로나19 메디인병원 선별진료소,37.758046168289006,126.77485326144702,8/18
경기 확진자,8,18,서원힐스컨트리클럽,37.8166907625913,126.89532843157,8/18
경기 확진자,8,20,소망요양병원,37.85983310868376,126.78668951248657,8/20
경기 확진자,8,17,소문난팔당냉면 파주운정점,37.73581690896725,126.73956140392238,8/17
경기 확진자,8,17,심학산장어,37.71256436560127,126.69438706820203,8/17
경기 확진자,8,17,137카페,37.71282063361821,126.69419094724454,8/17
경기 확진자,8,21,코로나19 메디인병원 선별진료소,37.758046168289006,126.77485326144702,8/21
경기 확진자,8,23,코로나19 일산백병원 선별진료소,37.67437313557693,126.75031931665683,8/23
경기 확진자,8,17,통일동산두부마을,37.7830698367203,126.68871163837,8/17
경기 확진자,8,17,임진각관광지,37.890645083583195,126.743168704187,8/17
경기 확진자,8,14,파주시 장애인재활자립작업장,37.754954987350494,126.77723995879401,8/14
경기 확진자,8,13,빅마트,37.76230252573419,126.773079033152,8/13
경기 확진자,8,16,더스파24시사우나,37.713728953980905,126.760039536393,8/16
경기 확진자,8,12,파주닭국수 산내점,37.7283940664371,126.73521785688399,8/12
경기 확진자,8,13,일산복음병원,37.68205383317189,126.78012562343102,8/13
경기 확진자,8,13,공본스터디카페 운정산내센터,37.728877793533705,126.73357697775,8/13
경기 확진자,8,13,비비컵,37.7283251785511,126.733434894272,8/13
경기 확진자,8,15,파리바게뜨 파주금촌점,37.75715806897657,126.77404343821182,8/15
경기 확진자,8,12,생선구이 청아라,37.751495658528206,126.77935748767501,8/12
경기 확진자,8,12,돈치킨 파주금촌점,37.75236516594017,126.77891690224718,8/12
경기 확진자,8,14,아비꼬 파주금릉역점,37.75170988610936,126.76753426734093,8/14
경기 확진자,8,14,아띠애,37.751115515065706,126.76721273597401,8/14
경기 확진자,8,14,우정가,37.19736007992751,127.098264160355,8/14
경기 확진자,8,17,야마기시즘 실현지영농조합법인,37.07176522260151,126.8919574920814,8/17
경기 확진자,8,20,향남초록나무어린이집,37.112453722178095,126.913807792934,8/20
경기 확진자,8,21,윤성에프앤씨 본사,37.0839574628436,126.8958304778679,8/21
경기 확진자,8,21,이룸유치원,37.0949499329541,126.902588141535,8/21
경기 확진자,8,21,화성시자원화시설,37.13663920869319,126.87795907278698,8/21
경기 확진자,8,22,낙원 순대곱창철판볶음 팔탄점,37.14396062379489,126.872256413984,8/22
경기 확진자,8,21,무봉유치원,37.20378770480111,127.123771063239,8/21
경기 확진자,8,20,삼성전자 나노시티 화성캠퍼스,37.22130836163429,127.063763450643,8/20
경기 확진자,8,24,세메스 화성사업장,37.22798689742411,127.063823160844,8/24
경기 확진자,8,24,화성시자원봉사센터,37.12558255846918,126.91809155877853,8/24
경기 확진자,8,21,YBM연수원,37.19527879340388,126.97899497644721,8/21
경기 확진자,8,23,화성장례문화원,37.20168565332357,126.78793836081181,8/23
경기 확진자,8,24,대방숲속어린이집,37.28731260964498,126.81761740999353,8/24
경기 확진자,8,15,최고당돈가스 화성남양점,37.19963222403882,126.8273815543564,8/15
경기 확진자,8,16,롤링힐스호텔,37.1901763892666,126.838751256653,8/16
경기 확진자,8,15,실로암기도원(구 생수교회),37.5176072704625,126.805933441303,8/15
경기 확진자,8,18,경성김밥,37.50184262588122,126.77223997874557,8/18
경기 확진자,8,17,북경짜장2900 중동점,37.50216886807421,126.772280832033,8/17
경기 확진자,8,21,늘푸른김밥,37.51973702123511,126.80525373497701,8/21
경기 확진자,8,17,VMP,37.50269158571291,126.774228975549,8/17
경기 확진자,8,25,무병장수해독찜질전문카페,37.4828267264522,126.778303647291,8/25
경기 확진자,8,19,아웃백스테이크하우스 부천상동점,37.5064733355946,126.75490930255701,8/19
경기 확진자,8,23,메가커피 부천도당점,37.51993611866158,126.78948435669402,8/23
경기 확진자,8,26,금강공인중개사사무소,37.4689634440902,126.82174054470102,8/26
경기 확진자,8,25,큰나무식당,37.51063297860319,126.780900900109,8/25
제주 확진자,8,26,루프탑정원,33.28347027859351,126.74528989324288,8/26
제주 확진자,8,27,루프탑정원,33.28347027859351,126.74528989324288,8/27
제주 확진자,8,27,CU 서귀태신로점,33.286573719692605,126.745301275218,8/27
경기도 확진,8,16,북성교회,37.88876016857549,127.55173569530902,8/16
경기도 확진,8,17,새희망의원,37.8297382740614,127.513361458504,8/17
경기도 확진,8,19,가평군농협하나로마트 북면점,37.88386159019401,127.54888460687901,8/19
경기도 확진,8,20,조일약국,37.83465259962769,127.50949684850902,8/20
경기도 확진,8,20,가평군농협하나로마트,37.830142001411005,127.51416393271901,8/20
경기도 확진,8,21,가평군농협 북면지점,37.8870991620412,127.550127265136,8/21
경기도 확진,8,21,르봉뺑,37.83281232499151,127.51003853412702,8/21
경기도 확진,8,18,북성교회(8/12~18),37.88876016857549,127.55173569530902,8/18
경기도 확진,8,15,평화식당,37.88612657017429,127.54965168289075,8/15
경기도 확진,8,28,햇살병원,37.5384818380413,127.204629788519,8/28
경기도 확진,8,20,탐라은갈치(18~20),37.52075743740561,127.18259974505999,8/20
경기도 확진,8,19,수원백병원(8.18~19),37.27900384554839,127.01634316576146,8/19
경기도 확진,8,12,능실초등학교,37.25973790641349,126.955909269845,8/12
경기도 확진,8,17,연세이비인후과의원(13일방문),37.2724438755673,126.95949176905698,8/17
경기도 확진,8,20,아주대학교병원,37.27958828328031,127.04761136661999,8/20
경기도 확진,8,20,정자동주교좌성당,37.3106646708904,126.98494724576,8/20
경기도 확진,8,21,아주대학교병원,37.27958828328031,127.04761136661999,8/21
경기도 확진,8,22,장안속내과(8/18~20),37.309371209281586,126.98877379765199,8/22
경기도 확진,8,18,미스터오징어 수원망포점,37.239585449497284,127.056155856357,8/18
경기도 확진,8,18,정철황소곱창 본점,37.2396527874756,127.058513579611,8/18
경기도 확진,8,19,수원백병원(8/18~19),37.27900384554839,127.01634316576146,8/19
경기도 확진,8,17,펀비어킹 천천동점,37.2956135507978,126.983366772951,8/17
경기도 확진,8,14,이마트 서수원점,37.28290176089569,126.96995404267203,8/14
경기도 확진,8,14,프라자약국,37.282423375476995,126.970216971208,8/14
경기도 확진,8,14,커피빈 서수원이마트점,37.2830072545473,126.970239293946,8/14
경기도 확진,8,23,모커리한방병원 수원점(8/21~22),37.27499024894879,127.01879353001098,8/23
경기도 확진,8,11,사랑제일교회(8/8~11),37.61282771560669,127.05343618799567,8/11
경기도 확진,8,20,목우미술학원 영통캠퍼스,37.247960818841,127.076752272445,8/20
경기도 확진,8,20,와이즈만 영재교육학원 수원영통센터,37.25451890076321,127.073462944831,8/20
경기도 확진,8,18,김정태이비인후과의원,37.2780504658159,127.01690899839001,8/18
경기도 확진,8,24,정담내과의원,37.24622007347131,127.057558373911,8/24
경기도 확진,8,23,마스터플랜 수원망포점(22일방문),37.24626648161671,127.058469100644,8/23
경기도 확진,8,23,영통서울학원(22방문),37.2463413293687,127.060146275043,8/23
경기도 확진,8,25,긴자 인계점,37.26993170088859,127.02836654532301,8/25
경기도 확진,8,24,경기남부지방경찰청117센터(21방문),37.294687266303285,127.03367657066224,8/24
경기도 확진,8,24,정오에밥상,37.26293665387671,127.02555007634498,8/24
경기 확진자,8,21,동서울종합터미널,37.534606712498686,127.09418832294101,8/21
경기 확진자,8,21,일동버스터미널,37.9574548088429,127.317489249446,8/21
경기 확진자,8,24,이마트에브리데이 영북점,38.09008699672361,127.275264786951,8/24
경기 확진자,8,24,코로나19 철원병원 선별진료소,38.150321466515216,127.30802948811699,8/24
경기 확진자,8,18,대야지역아동센터,37.4476078081193,126.78798751672302,8/18
경기 확진자,8,22,코로나19 시흥시보건소 선별진료소,37.44530276668339,126.784856945894,8/22
경기 확진자,8,20,코로나19 부천세종병원 선별진료소,37.480931118203806,126.791224167953,8/20
경기 확진자,8,20,코로나19 이대목동병원 선별진료소,37.536604160773,126.88628489345199,8/20
경기 확진자,8,22,세브란스병원,37.56209550156179,126.94085035027202,8/22
경기 확진자,8,19,코로나19 신천연합병원 선별진료소,37.44454686128449,126.78938386656199,8/19
경기 확진자,8,21,경기도의료원 포천병원,37.90326330517421,127.198317737577,8/21
경기 확진자,8,16,청기와감자탕 배곧신도시점,37.369430101713526,126.72694176788583,8/16
경기 확진자,8,17,버거킹 배곧아브뉴프랑점,37.36742664651495,126.72869092128053,8/17
경기 확진자,8,17,빵샘제빵소 배곧점,37.369648091312094,126.72652665932598,8/17
경기 확진자,8,20,코로나19 정왕보건지소 선별진료소,37.34676382718255,126.74010310816077,8/20
경기 확진자,8,20,한사랑교회,37.44704732375119,126.79048322169099,8/20
경기 확진자,8,19,비둘기공원,37.4416177610461,126.79403869836499,8/19
경기 확진자,8,18,시흥영성수련원,37.3919670900677,126.84264739228502,8/18
경기 확진자,8,19,프라넬커피,37.442157859410386,126.79169128989402,8/19
경기 확진자,8,24,무병장수해독찜질전문카페,37.4828267264522,126.778303647291,8/24
경기 확진자,8,24,코로나19 센트럴병원 선별진료소,37.33684329365199,126.727981713314,8/24
경기 확진자,8,22,이마트 시화점,37.34594215989911,126.73687369130532,8/22
경기 확진자,8,20,예가,37.3907604329204,126.739111135469,8/20
경기 확진자,8,25,코로나19 시흥시화병원 선별진료소,37.3529205125826,126.724560238092,8/25
경기 확진자,8,24,쿠쿠서비스센터 시흥점,37.44320893861249,126.784926223301,8/24
경기 확진자,8,19,장현족발,37.38166892531019,126.80111746616201,8/19
경기 확진자,8,22,주암삼거리식당,37.397283869043996,127.68082277492802,8/22
경기 확진자,8,17,김밥천국 장기점,37.64400922766621,126.668399028508,8/17
경기 확진자,8,17,가현산손두부,37.6326537498727,126.63791562433398,8/17
경기 확진자,8,19,여의도순복음교회,37.530953898388944,126.92299941295194,8/19
경기 확진자,8,17,윤가네남원추어탕,37.62579639548419,126.69707169670417,8/17
경기 확진자,8,17,김포24시불가마보석사우나,37.62907862136131,126.70379200706901,8/17
경기 확진자,8,20,김포우리병원,37.6325298816502,126.710525847684,8/20
경기 확진자,8,21,코로나19 성애병원 선별진료소,37.51200003499234,126.9224307286976,8/21
경기 확진자,8,19,김포아트빌리지,37.646494321136096,126.69589080542221,8/19
경기 확진자,8,20,영인MC빌딩,37.4821089166924,126.950478560449,8/20
경기 확진자,8,21,통진읍행정복지센터,37.691772026217784,126.59728563979846,8/21
경기 확진자,8,21,소금강의달 본점,37.69274752395732,126.59223037515602,8/21
경기 확진자,8,22,코로나19 김포시보건소 선별진료소,37.62373366662639,126.72294787286799,8/22
경기 확진자,8,20,양도초등학교,37.60308067623401,126.720406256463,8/20
경기 확진자,8,21,비비드치과교정과치과의원,37.6067604157866,126.725053882923,8/21
경기 확진자,8,19,칠구네신림동백순대 사우점,37.62230424962311,126.72198808077,8/19
경기 확진자,8,21,간재울중학교,37.56290227902921,126.676133932475,8/21
경기 확진자,8,21,연세내과의원,37.62048270504511,126.71829315055601,8/21
경기 확진자,8,22,뉴고려병원,37.641113728129305,126.660254105538,8/22
경기 확진자,8,20,진솔한의원,37.62405789954564,126.71235414275138,8/20
경기 확진자,8,23,김포캠핑파크,37.74728273795301,126.558631894822,8/23
경기 확진자,8,25,아름다운어린이집,37.61875246617092,126.71070160221501,8/25
경기 확진자,8,22,김봉환내과의원,37.639553073579904,126.67165469304402,8/22
경기 확진자,8,23,찌개마을,37.692697434986314,126.597582228268,8/23
경기 확진자,8,24,팔백고깃집,37.694239243687896,126.59110651489,8/24
경기 확진자,8,28,장기본동행정복지센터,37.65229665613381,126.67169831221801,8/28
경기 확진자,8,23,권능교회,37.521009960496684,126.89440352214298,8/23
경기 확진자,8,28,코로나19 영등포구보건소 선별진료소,37.5263484763681,126.89550466511702,8/28
경기 확진자,8,30,코로나19 강화군보건소 선별진료소,37.73708337549489,126.48479678007702,8/30
경기 확진자,8,28,코로나19 송파구보건소 선별진료소,37.5145795416534,127.10655565199299,8/28
경기 확진자,8,28,국립중앙의료원,37.56724946361499,127.005691254159,8/28
경기 확진자,8,14,용지수산 즉석숯불장어구이,37.37664617432481,127.296354988644,8/14
경기 확진자,8,18,퐁당와플,37.4125688198923,127.255047754178,8/18
경기 확진자,8,18,엔터PC방 광주송정점,37.4151368399539,127.261996822406,8/18
경기 확진자,8,17,강남면옥 광주직영점,37.41189608710151,127.242033984478,8/17
경기 확진자,8,16,방자네 남원추어탕코다리찜,37.3523196046619,127.33383961453302,8/16
경기 확진자,8,27,황금스파랜드,37.41203472250499,127.25950774265898,8/27
경기 확진자,8,18,코로나19 일산서구보건소 선별진료소,37.6844819491775,126.775810437709,8/18
경기 확진자,8,19,코로나19 덕양구보건소 선별진료소,37.65778628459281,126.831167768056,8/19
경기 확진자,8,19,코로나19 명지성모병원 선별진료소,37.4938507104387,126.89925446922601,8/19
경기 확진자,8,19,코로나19 은평성모병원 선별진료소,37.633594067192,126.916253598994,8/19
경기 확진자,8,16,은총순복음교회,37.65671791292241,126.843051366626,8/16
경기 확진자,8,19,코로나19 일산동구보건소 선별진료소,37.655694553150205,126.776159934729,8/19
경기 확진자,8,16,골드트레인,37.505008673931,127.057964562124,8/16
경기 확진자,8,20,소망요양병원,37.85983310868376,126.78668951248657,8/20
경기 확진자,8,19,우리은행 행신동지점,37.6180918124845,126.846471739793,8/19
경기 확진자,8,14,일산우동포장마차,37.6876105040607,126.764894475228,8/14
경기 확진자,8,15,포레스트아웃팅스,37.66561618336138,126.81347575061737,8/15
경기 확진자,8,18,북한산워터파크,37.678441953699505,126.95792986316289,8/18
경기 확진자,8,19,국수나무 화정역점,37.63523403551588,126.83197334636368,8/19
경기 확진자,8,21,백석근린공원,37.64609910431601,126.794998285615,8/21
경기 확진자,8,21,속초산들바다(백석점),37.645588989284036,126.78677566294184,8/21
경기 확진자,8,22,고양우편집중국,37.6394496793486,126.78478325981202,8/22
경기 확진자,8,23,행신1동성당,37.62194862480861,126.844171143103,8/23
경기 확진자,8,23,호미곶,37.613800343621506,126.833787333248,8/23
경기 확진자,8,22,맘스터치 화정로데오점,37.63227571095164,126.83233120527478,8/22
경기 확진자,8,17,CGV 일산,37.65589379039136,126.7719889612769,8/17
경기 확진자,8,24,송산부동산 중개사무소,37.25274606278679,126.69330100443199,8/24
경기 확진자,8,25,태안토목설계,37.201589080858206,126.82538332165302,8/25
경기 확진자,8,25,법률사무소이현,37.201575568466396,126.825385605635,8/25
경기 확진자,8,21,정원숯불불고기,37.21783181807613,127.07918801813769,8/21
경기 확진자,8,27,삼성메디칼정형외과의원,37.236743070173304,127.06077875712901,8/27
경기 확진자,8,27,효원장례문화센터,37.220904537031686,127.02621642863089,8/27
경기 확진자,8,27,한림대학교 동탄성심병원,37.2166490921101,127.08000585823602,8/27
경기 확진자,8,27,서울제일병원,36.9881747021768,126.93160271239816,8/27
경기 확진자,8,29,안중보건지소,36.98599579817493,126.93145976490489,8/29
경기 확진자,8,27,서정리역 1호선,37.056563702165505,127.052881703722,8/27
경기 확진자,8,24,마성떡볶이 평택역점,36.991097598149,127.08542601965001,8/24
경기 확진자,8,20,봉봉 소아청소년과의원,37.01754715006211,126.915987219693,8/20
경기 확진자,8,23,서해로교회,37.01599329145389,126.946382317172,8/23
경기 확진자,8,23,대한독도횟집,36.987991313631106,126.915485057137,8/23
경기 확진자,8,26,안중제일신협 본점,36.984410505376594,126.92943490057,8/26
경기 확진자,8,20,소나무가든,37.004192033354,126.94484465660301,8/20
경기 확진자,8,24,소림사 안중점,36.982780484623994,126.92800320951999,8/24
경기 확진자,8,26,동화마을잔칫날 안중점,36.9843614076199,126.925759776843,8/26
경기 확진자,8,28,춘향골월매집 전주콩나물국밥,37.001036218826705,126.95742972522301,8/28
경기 확진자,8,22,이승균 이비인후과의원,36.9886834189051,126.93091930177272,8/22
경기 확진자,8,23,갈릴리교회,37.522391030017,126.71131390362702,8/23
경기 확진자,8,19,한빛영수학원,36.99103913232825,126.84590351253331,8/19
경기 확진자,8,21,H마트 안중점,36.98889060503409,126.91549866492699,8/21
경기 확진자,8,19,에녹교회,36.9855986021705,126.92576868377999,8/19
경기 확진자,8,21,이종인어학원,36.97908635888191,126.922781840983,8/21
경기 확진자,8,20,평택안일초등학교,36.9827277669131,126.92437309648699,8/20
경기 확진자,8,20,원정공구철물,37.006226554457,126.82186059832098,8/20
경기 확진자,8,20,대한솔루션 포승공장,36.9820371880032,126.833791294403,8/20
경기 확진자,8,17,사랑의동산교회,37.139563810583816,127.11320363456183,8/17
경기 확진자,8,20,판교에이스당구장,37.39776419799231,127.11142698417501,8/20
경기 확진자,8,18,연세봄이비인후과의원,37.4727195219744,127.14259256440467,8/18
경기 확진자,8,18,그린램프라이브러리독서실 이매캠퍼스,37.405127284613705,127.122416317284,8/18
경기 확진자,8,18,분당H병원,37.376191099977106,127.11036538373499,8/18
경기 확진자,8,18,롯데슈퍼 분당서현점,37.37802751389809,127.13236840386735,8/18
경기 확진자,8,18,오팡,37.37829481280081,127.13248008658202,8/18
경기 확진자,8,18,김복남맥주 성남모란점,37.4329119636727,127.131649779676,8/18
경기 확진자,8,19,통통낙지 분당구미점,37.3399039174053,127.122382599087,8/19
경기 확진자,8,19,백스비어 성남모란점,37.43271850277521,127.13060542949198,8/19
경기 확진자,8,19,압구정하루 서현직영점,37.3880213661551,127.12330993569401,8/19
경기 확진자,8,19,선한사마리아인교회,37.4483152043267,127.142195895058,8/19
경기 확진자,8,19,사위식당 판교점,37.39426202230159,127.11036477013562,8/19
경기 확진자,8,19,수수커피 판교알파돔타워점,37.39426202230159,127.11036477013599,8/19
경기 확진자,8,19,분당제생병원,37.388174468561715,127.121638950154,8/19
경기 확진자,8,25,성남송현초등학교,37.405443276842604,127.11643514315499,8/25
경기 확진자,8,27,분당차병원,37.410080530850074,127.12552835935945,8/27
경기 확진자,8,21,을지대학교성남캠퍼스 을지관,37.461357477988884,127.16562484801621,8/21
경기 확진자,8,19,방짜양대창삼겹살 상대원점,37.4395260086952,127.1610104546566,8/19
경기 확진자,8,20,교동짬뽕 상대원본점,37.43985948753367,127.15960546233606,8/20
경기 확진자,8,20,대덕프라자,37.4121833456816,127.12985135903702,8/20
경기 확진자,8,20,무지개네일 모란점,37.430264961472915,127.12985546868401,8/20
경기 확진자,8,21,대원카페,37.43836518471541,127.15790620840701,8/21
경기 확진자,8,21,도솔마을 민속주점,37.43463942265969,127.13701310428499,8/21
경기 확진자,8,21,투가리 남한산성점,37.462799905783605,127.168872089459,8/21
경기 확진자,8,22,야당리외식공간 분당점,37.38606716099921,127.120578631321,8/22
경기 확진자,8,23,탑레지던스 오리역점,37.339199038788706,127.109805672794,8/23
경기 확진자,8,24,정병원,37.43985356194735,127.12903810315647,8/24
경기 확진자,8,25,김밥천국 중앙점,37.441126784217,127.13382022681799,8/25
경기 확진자,8,26,분당서울대학교병원 응급실,37.35162305206519,127.12377859285499,8/26
경기 확진자,8,26,새대한 공인중개사,37.349710860785,127.11129272353499,8/26
경기 확진자,8,27,한양내과류마티스의원,37.349521640805506,127.109364736204,8/27
경기 확진자,8,27,산타마리24시의원,37.367536567107244,127.10763317477551,8/27
경기 확진자,8,27,우리정형외과의원,37.44114893470439,127.133354702498,8/27
경기 확진자,8,28,코트야드 바이메리어트 서울 판교,37.39749814534009,127.11073542583,8/28
경기 확진자,8,28,성남예치과병원,37.43169881258258,127.12872581869314,8/28
서울 확진자,8,20,영동농협 본점,37.4708414848999,127.04342762656499,8/20
서울 확진자,8,20,코로나19 서울특별시어린이병원 선별진료소,37.4561272522342,127.06944730168,8/20
서울 확진자,8,20,코로나19 서울성모병원 선별진료소,37.5017971987601,127.00477702010001,8/20
서울 확진자,8,15,굽은다리역 5호선,37.545517591591306,127.142882741733,8/15
서울 확진자,8,20,코로나19 강동구보건소 선별진료소,37.529268770502796,127.125614688949,8/20
서울 확진자,8,19,연세서내과의원,37.512993390572696,127.01280283299025,8/19
서울 확진자,8,19,연세서내과의원,37.512993390572696,127.01280283299025,8/19
서울 확진자,8,17,중심교회,37.5404159586952,127.08522957652602,8/17
서울 확진자,8,20,건국대학교병원,37.54119956795036,127.07209467698176,8/20
서울 확진자,8,16,밀숲 건대점,37.539791654494294,127.07001702494502,8/16
서울 확진자,8,19,무병장수 한방삼계탕,37.5354378404173,127.0761339953645,8/19
서울 확진자,8,18,무병장수 한방삼계탕 (8/16~8/18),37.5354378404173,127.0761339953645,8/18
서울 확진자,8,21,코로나19 동대문구보건소 선별진료소,37.5746993851423,127.040223107039,8/21
서울 확진자,8,20,코로나19 마포구보건소 선별진료소,37.56694932271091,126.90185909738,8/20
서울 확진자,8,21,코로나19 마포구보건소 선별진료소,37.56694932271091,126.90185909738,8/21
서울 확진자,8,18,"헤어콕 연신내점 (8/8~8/12, 8/14~8/18)",37.6210146114445,126.920325138071,8/18
서울 확진자,8,16,축복교회 강남성전,37.481006664104314,127.03825079347001,8/16
서울 확진자,8,16,B1 음악작업실,37.4864404657902,127.029447736526,8/16
서울 확진자,8,17,한국수 서초점,37.48871451900101,127.029810461507,8/17
서울 확진자,8,17,인디고PC방 양재점,37.483897143566494,127.038116588604,8/17
서울 확진자,8,17,인디고PC방 양재점,37.483897143566494,127.038116588604,8/17
서울 확진자,8,20,가나당구장,37.48390794106801,127.038161820231,8/20
서울 확진자,8,21,국대떡볶이 서초점,37.4929566633985,127.02900250182599,8/21
서울 확진자,8,21,노랑통닭 양재역점,37.4852757378302,127.03185787673699,8/21
서울 확진자,8,20,서울방배2동우편취급국,37.47722761796409,126.98463804632,8/20
서울 확진자,8,17,피슈마라홍탕 상암점,37.57877107156739,126.89431973915076,8/17
서울 확진자,8,18,마성중식당,37.559673373533506,126.91656389550201,8/18
서울 확진자,8,16,순복음강북교회,37.5855035551529,127.05097112303801,8/16
서울 확진자,8,22,코로나19 경희의료원 선별진료소,37.5938752004487,127.051832862704,8/22
서울 확진자,8,23,코로나19 동대문구보건소 선별진료소,37.5746993851423,127.040223107039,8/23
서울 확진자,8,22,코로나19 광진구보건소 선별진료소,37.53854422826241,127.08190995329798,8/22
서울 확진자,8,22,코로나19 건국대학교병원 선별진료소,37.5411995679504,127.07209467698199,8/22
서울 확진자,8,22,푸른초장교회 (8/16~8/22),37.5323785340303,127.080817080662,8/22
서울 확진자,8,22,코로나19 은평구보건소 선별진료소,37.602456970227585,126.928823550033,8/22
서울 확진자,8,24,"서울후암초등학교 (8/19, 8/20, 8/21, 8/24)",37.55128982515901,126.98237309690799,8/24
서울 확진자,8,22,"은혜옷수전 (8/17, 8/19, 8/20, 8/21, 8/22)",37.512365806124826,127.11699691782697,8/22
서울 확진자,8,22,바나프레소 미아사거리역점,37.6131424758447,127.02944779100999,8/22
서울 확진자,8,22,푸른초장교회,37.532371329125006,127.080812547349,8/22
서울 확진자,8,25,삼육서울병원 선별진료소,37.587990429594605,127.065329444279,8/25
서울 확진자,8,24,광진구보건소 선별진료소,37.53854422826241,127.08190995329798,8/24
서울 확진자,8,24,강북삼성병원 선별진료소,37.56850663657661,126.96792107169,8/24
서울 확진자,8,26,마포구보건소 선별진료소,37.56694932271091,126.90185909738,8/26
서울 확진자,8,26,동대문구보건소 선별진료소,37.5746993851423,127.040223107039,8/26
서울 확진자,8,26,우리은행 수유동금융센터,37.6396032722373,127.026861375575,8/26
서울 확진자,8,16,더빈마켓 중곡점,37.55601534446306,127.08340939096956,8/16
서울 확진자,8,16,버거킹 군자능동점,37.552170930834414,127.07654710284775,8/16
서울 확진자,8,26,일산동구보건소 선별진료소,37.655694553150205,126.776159934729,8/26
